ticker,median_dollar_volume,dollar_volume_rank,as_of_date,computed_month
SPY,1034311806.945,1,2026-10-01,2026-10
NVDA,773955172.1325,2,2026-10-01,2026-10
MU,691467869.0899999,3,2026-10-01,2026-10
AAPL,411409271.47249997,4,2026-10-01,2026-10
SNDK,401607290.8,5,2026-10-01,2026-10
META,392900444.61,6,2026-10-01,2026-10
MSFT,391509475.53999996,7,2026-10-01,2026-10
QQQ,370259757.83000004,8,2026-10-01,2026-10
AMZN,323346499.0575,9,2026-10-01,2026-10
LQD,311739194.0125,10,2026-10-01,2026-10
IWM,308962231.28,11,2026-10-01,2026-10
AMD,299012011.74,12,2026-10-01,2026-10
INTC,297201533.1675,13,2026-10-01,2026-10
GOOGL,289811531.13,14,2026-10-01,2026-10
SPCX,280748616.725,15,2026-10-01,2026-10
TSLA,274308081.53999996,16,2026-10-01,2026-10
AVGO,229302903.99,17,2026-10-01,2026-10
GOOG,195558189.375,18,2026-10-01,2026-10
SMH,187581387.215,19,2026-10-01,2026-10
TSM,186802863.2,20,2026-10-01,2026-10
HYG,171828037.32000002,21,2026-10-01,2026-10
XLE,141049113.25,22,2026-10-01,2026-10
NFLX,139918295.78,23,2026-10-01,2026-10
XLF,138545311.8275,24,2026-10-01,2026-10
SOXX,137381118.47500002,25,2026-10-01,2026-10
LITE,137194988.445,26,2026-10-01,2026-10
SOXL,134801103.39,27,2026-10-01,2026-10
AMAT,132636254.395,28,2026-10-01,2026-10
ORCL,132394676.0175,29,2026-10-01,2026-10
STX,132250949.2125,30,2026-10-01,2026-10
PLTR,128546630.33500001,31,2026-10-01,2026-10
WDC,124774003.27,32,2026-10-01,2026-10
TLT,122999615.005,33,2026-10-01,2026-10
BAC,122910852.87,34,2026-10-01,2026-10
BITO,118557951.52,35,2026-10-01,2026-10
GDX,113239411.24,36,2026-10-01,2026-10
ASML,109834722.525,37,2026-10-01,2026-10
SKHY,106317123.2,38,2026-10-01,2026-10
LLY,105468227.51499999,39,2026-10-01,2026-10
LRCX,103583358.79499999,40,2026-10-01,2026-10
DELL,102749276.96,41,2026-10-01,2026-10
DRAM,101142760.575,42,2026-10-01,2026-10
MRVL,100801209.8,43,2026-10-01,2026-10
NBIS,100069606.0575,44,2026-10-01,2026-10
BE,98047636.16999999,45,2026-10-01,2026-10
WMT,97676234.72999999,46,2026-10-01,2026-10
XLV,94720625.615,47,2026-10-01,2026-10
KRE,94247671.88,48,2026-10-01,2026-10
CRM,93258134.855,49,2026-10-01,2026-10
GEV,92655115.53,50,2026-10-01,2026-10
V,84669939.87,51,2026-10-01,2026-10
PANW,83525023.16499999,52,2026-10-01,2026-10
EFA,82898170.76500002,53,2026-10-01,2026-10
NOW,82754806.125,54,2026-10-01,2026-10
EWY,81751354.1275,55,2026-10-01,2026-10
XLI,79219694.05499999,56,2026-10-01,2026-10
EEM,78713853.13499999,57,2026-10-01,2026-10
CSCO,78316406.2025,58,2026-10-01,2026-10
KO,77862426.69999999,59,2026-10-01,2026-10
XLP,77775952.11500001,60,2026-10-01,2026-10
CAT,77369628.365,61,2026-10-01,2026-10
TQQQ,74933612.16499999,62,2026-10-01,2026-10
IBIT,74832754.93,63,2026-10-01,2026-10
JPM,73503144.5275,64,2026-10-01,2026-10
IGV,71745373.925,65,2026-10-01,2026-10
SNOW,71206827.18,66,2026-10-01,2026-10
MA,70710767.72999999,67,2026-10-01,2026-10
TMO,70072984.53999999,68,2026-10-01,2026-10
UNH,69882302.09,69,2026-10-01,2026-10
RSP,69144878.3175,70,2026-10-01,2026-10
VCIT,68927297.9325,71,2026-10-01,2026-10
JNJ,68879945.725,72,2026-10-01,2026-10
HOOD,68568756.19999999,73,2026-10-01,2026-10
KLAC,68514674.85499999,74,2026-10-01,2026-10
COHR,68221008.66499999,75,2026-10-01,2026-10
XOM,68180396.315,76,2026-10-01,2026-10
GLD,68138068.45,77,2026-10-01,2026-10
XBI,66991342.754999995,78,2026-10-01,2026-10
XLK,65408460.17999999,79,2026-10-01,2026-10
GS,62933642.004999995,80,2026-10-01,2026-10
QCOM,62524872.245,81,2026-10-01,2026-10
XLU,62122794.49250001,82,2026-10-01,2026-10
COST,62058576.26,83,2026-10-01,2026-10
TXN,61187046.612500004,84,2026-10-01,2026-10
BSX,60226791.1425,85,2026-10-01,2026-10
INTU,59682326.84,86,2026-10-01,2026-10
BRK.B,58918112.1,87,2026-10-01,2026-10
CRWV,58404475.6125,88,2026-10-01,2026-10
CRWD,57915141.915,89,2026-10-01,2026-10
APP,57723618.837500006,90,2026-10-01,2026-10
CVX,57422817.48,91,2026-10-01,2026-10
VZ,57357909.095,92,2026-10-01,2026-10
GLW,56946318.599999994,93,2026-10-01,2026-10
UBER,55826173.095,94,2026-10-01,2026-10
VRT,55730440.2675,95,2026-10-01,2026-10
NEE,55135630.6575,96,2026-10-01,2026-10
WFC,54701984.215,97,2026-10-01,2026-10
SQQQ,54577672.67,98,2026-10-01,2026-10
NOK,54157807.345,99,2026-10-01,2026-10
HD,53670946.70999999,100,2026-10-01,2026-10
EWZ,52795313.365,101,2026-10-01,2026-10
SMCI,52472252.94499999,102,2026-10-01,2026-10
GE,52318973.832499996,103,2026-10-01,2026-10
IEFA,51152582.705,104,2026-10-01,2026-10
T,50874469.42,105,2026-10-01,2026-10
SPOT,50254804.78,106,2026-10-01,2026-10
IREN,50015648.05,107,2026-10-01,2026-10
FCX,49285982.9325,108,2026-10-01,2026-10
CRDO,49265640.97,109,2026-10-01,2026-10
XLB,48880885.1875,110,2026-10-01,2026-10
HPE,48870367.69499999,111,2026-10-01,2026-10
BKNG,48533044.015,112,2026-10-01,2026-10
PG,48426107.7775,113,2026-10-01,2026-10
XLY,48048308.57000001,114,2026-10-01,2026-10
APH,47901271.989999995,115,2026-10-01,2026-10
IBM,47584631.035,116,2026-10-01,2026-10
ACN,47576229.462500006,117,2026-10-01,2026-10
NKE,47447352.92,118,2026-10-01,2026-10
ANET,47389908.3525,119,2026-10-01,2026-10
DIS,47341107.8525,120,2026-10-01,2026-10
PFE,47290842.004999995,121,2026-10-01,2026-10
EMB,47210200.925,122,2026-10-01,2026-10
SHOP,47199679.379999995,123,2026-10-01,2026-10
MSTR,46678236.6,124,2026-10-01,2026-10
ISRG,46659441.66,125,2026-10-01,2026-10
ADI,45898076.43000001,126,2026-10-01,2026-10
C,45778146.29,127,2026-10-01,2026-10
ABBV,45744255.985,128,2026-10-01,2026-10
DHR,45366679.019999996,129,2026-10-01,2026-10
MDT,45136179.8,130,2026-10-01,2026-10
DDOG,44772497.46,131,2026-10-01,2026-10
BA,44765067.36,132,2026-10-01,2026-10
NET,44356043.965,133,2026-10-01,2026-10
MPWR,44315759.2,134,2026-10-01,2026-10
MS,43994420.64,135,2026-10-01,2026-10
ALAB,43944742.45,136,2026-10-01,2026-10
ARM,43904693.824999996,137,2026-10-01,2026-10
NVD,43554221.144999996,138,2026-10-01,2026-10
SYK,43505466.050000004,139,2026-10-01,2026-10
MCD,43392042.295,140,2026-10-01,2026-10
MRK,42970257.6275,141,2026-10-01,2026-10
VLO,42707506.545,142,2026-10-01,2026-10
ADBE,42554497.375,143,2026-10-01,2026-10
SHEL,42312009.46,144,2026-10-01,2026-10
SOXS,42134836.705,145,2026-10-01,2026-10
CBRS,41652730.864999995,146,2026-10-01,2026-10
ABT,41524290.9375,147,2026-10-01,2026-10
SCHW,40953103.935,148,2026-10-01,2026-10
CLS,40842879.76,149,2026-10-01,2026-10
DASH,40710621.6,150,2026-10-01,2026-10
LIN,40397767.5325,151,2026-10-01,2026-10
ETN,40261120.535,152,2026-10-01,2026-10
COP,39910876.615,153,2026-10-01,2026-10
VOO,39855019.105000004,154,2026-10-01,2026-10
XLC,39782327.165,155,2026-10-01,2026-10
NU,39675643.015,156,2026-10-01,2026-10
MPC,39653229.57,157,2026-10-01,2026-10
TJX,39560003.06,158,2026-10-01,2026-10
AXP,39555667.585,159,2026-10-01,2026-10
CIEN,39360624.96,160,2026-10-01,2026-10
WBD,39318391.5825,161,2026-10-01,2026-10
CDNS,39249428.885000005,162,2026-10-01,2026-10
TSLL,39228252.019999996,163,2026-10-01,2026-10
SPGI,38485573.43,164,2026-10-01,2026-10
MELI,38196166.067499995,165,2026-10-01,2026-10
BMY,37779550.315,166,2026-10-01,2026-10
AMGN,37435784.6625,167,2026-10-01,2026-10
IYR,37425206.9125,168,2026-10-01,2026-10
TER,36815968.86,169,2026-10-01,2026-10
BLK,36726243.66,170,2026-10-01,2026-10
PEP,36608141.43,171,2026-10-01,2026-10
CMG,36389383.379999995,172,2026-10-01,2026-10
AGG,36281299.905,173,2026-10-01,2026-10
CSX,36044792.51,174,2026-10-01,2026-10
MDB,35893519.18,175,2026-10-01,2026-10
DE,35862696.3625,176,2026-10-01,2026-10
CVS,35180652.644999996,177,2026-10-01,2026-10
CMCSA,34993831.39,178,2026-10-01,2026-10
SLB,34950734.4075,179,2026-10-01,2026-10
VCLT,34837545.82000001,180,2026-10-01,2026-10
UNP,34763385.26,181,2026-10-01,2026-10
MCK,34562915.05499999,182,2026-10-01,2026-10
BABA,34181918.565,183,2026-10-01,2026-10
PWR,33752289.0675,184,2026-10-01,2026-10
PM,33637468.29,185,2026-10-01,2026-10
FXI,33594484.839999996,186,2026-10-01,2026-10
MRNA,33432292.755000003,187,2026-10-01,2026-10
SNPS,33384936.165,188,2026-10-01,2026-10
AZO,33223968.665,189,2026-10-01,2026-10
DVN,33221051.145,190,2026-10-01,2026-10
COIN,33029698.86,191,2026-10-01,2026-10
IVV,32920453.03,192,2026-10-01,2026-10
HLT,32666397.96,193,2026-10-01,2026-10
EQIX,32505201.47,194,2026-10-01,2026-10
SCHD,32461962.299999997,195,2026-10-01,2026-10
GILD,32446437.380000003,196,2026-10-01,2026-10
RCL,32350028.92,197,2026-10-01,2026-10
OXY,32313361.825,198,2026-10-01,2026-10
FIX,32176219.18,199,2026-10-01,2026-10
TMUS,32141414.985,200,2026-10-01,2026-10
