event_id,date,time,currency,impact,title,actual,forecast,previous,scraped_at_utc
150596,2026-09-06,10:30am,EUR,low,Sentix Investor Confidence,5.1,2.1,0.9,2026-09-12T10:07:51+00:00
151358,2026-09-06,11:00am,EUR,low,Final Employment Change q/q,0.1%,0.1%,0.1%,2026-09-12T10:07:51+00:00
151357,2026-09-06,11:00am,EUR,low,Revised GDP q/q,0.6%,0.4%,0.4%,2026-09-12T10:07:51+00:00
148126,2026-09-06,3:30am,AUD,low,ANZ Job Advertisements m/m,2.5%,,1.9%,2026-09-12T10:07:51+00:00
149662,2026-09-06,7:00am,JPY,low,Leading Indicators,117.9%,117.9%,116.5%,2026-09-12T10:07:51+00:00
151187,2026-09-06,8:00am,EUR,low,German Industrial Production m/m,-1.1%,0.1%,0.0%,2026-09-12T10:07:51+00:00
150819,2026-09-06,8:00am,GBP,low,Lloyds HPI m/m,-0.2%,0.2%,-0.1%,2026-09-12T10:07:51+00:00
147291,2026-09-06,9:00am,CHF,low,Foreign Currency Reserves,770B,,768B,2026-09-12T10:07:51+00:00
147308,2026-09-06,9:00am,CHF,low,Unemployment Rate,3.1%,3.1%,3.1%,2026-09-12T10:07:51+00:00
146488,2026-09-06,All Day,CAD,non-economic,Bank Holiday,,,,2026-09-12T10:07:51+00:00
146477,2026-09-06,All Day,USD,non-economic,Bank Holiday,,,,2026-09-12T10:07:51+00:00
153455,2026-09-07,11:30am,AUD,low,RBA Deputy Gov Hauser Speaks,,,,2026-09-12T10:07:51+00:00
146951,2026-09-07,12:00pm,USD,low,NFIB Small Business Index,98.7,99.4,99.8,2026-09-12T10:07:51+00:00
150014,2026-09-07,12:45am,NZD,low,Manufacturing Sales q/q,3.1%,,3.1%,2026-09-12T10:07:51+00:00
150829,2026-09-07,1:01am,GBP,low,BRC Retail Sales Monitor y/y,0.5%,1.2%,1.0%,2026-09-12T10:07:51+00:00
149894,2026-09-07,1:30am,JPY,low,Average Cash Earnings y/y,4.7%,3.8%,4.0%,2026-09-12T10:07:51+00:00
148844,2026-09-07,1:50am,JPY,low,Bank Lending y/y,5.4%,5.5%,5.4%,2026-09-12T10:07:51+00:00
149550,2026-09-07,1:50am,JPY,low,Current Account,2.52T,2.48T,1.40T,2026-09-12T10:07:51+00:00
149605,2026-09-07,1:50am,JPY,low,Final GDP Price Index y/y,2.6%,2.6%,2.6%,2026-09-12T10:07:51+00:00
149604,2026-09-07,1:50am,JPY,low,Final GDP q/q,0.4%,0.4%,0.3%,2026-09-12T10:07:51+00:00
148114,2026-09-07,2:30am,AUD,low,Westpac Consumer Sentiment,-5.2%,,6.0%,2026-09-12T10:07:51+00:00
153463,2026-09-07,3:15pm,GBP,medium,Monetary Policy Report Hearings,,,,2026-09-12T10:07:51+00:00
147478,2026-09-07,3:30am,AUD,low,NAB Business Confidence,-8,,-7,2026-09-12T10:07:51+00:00
150234,2026-09-07,4:35am,CNY,low,Trade Balance,809B,805B,767B,2026-09-12T10:07:51+00:00
150235,2026-09-07,4:35am,CNY,low,USD-Denominated Trade Balance,119.1B,118.6B,112.5B,2026-09-12T10:07:51+00:00
153454,2026-09-07,5:20am,AUD,low,RBA Assist Gov Hunter Speaks,,,,2026-09-12T10:07:51+00:00
148815,2026-09-07,7:00am,JPY,low,Economy Watchers Sentiment,46.4,46.3,45.7,2026-09-12T10:07:51+00:00
151188,2026-09-07,8:00am,EUR,low,German Trade Balance,21.3B,16.0B,15.4B,2026-09-12T10:07:51+00:00
147585,2026-09-07,8:45am,EUR,low,French Trade Balance,-6.7B,-6.0B,-5.8B,2026-09-12T10:07:51+00:00
148730,2026-09-07,9:00pm,USD,low,Consumer Credit m/m,18.1B,11.9B,14.6B,2026-09-12T10:07:51+00:00
147090,2026-09-08,10:30pm,USD,low,API Weekly Statistical Bulletin,,,,2026-09-12T10:07:51+00:00
150453,2026-09-08,11:33am,EUR,low,German 10-y Bond Auction,3.39|1.5,,3.26|1.1,2026-09-12T10:07:51+00:00
148704,2026-09-08,1:50am,JPY,low,M2 Money Stock y/y,2.0%,2.2%,2.1%,2026-09-12T10:07:51+00:00
153363,2026-09-08,2:15pm,USD,low,ADP Weekly Employment Change,12.0K,,10.0K,2026-09-12T10:07:51+00:00
150200,2026-09-08,3:30am,CNY,low,CPI y/y,0.8%,0.8%,0.5%,2026-09-12T10:07:51+00:00
150201,2026-09-08,3:30am,CNY,low,PPI y/y,3.8%,3.6%,3.5%,2026-09-12T10:07:51+00:00
153456,2026-09-08,7:00pm,EUR,low,German Buba President Nagel Speaks,,,,2026-09-12T10:07:51+00:00
153464,2026-09-08,7:00pm,EUR,low,ECB President Lagarde Speaks,,,,2026-09-12T10:07:51+00:00
148901,2026-09-08,7:01pm,USD,low,10-y Bond Auction,4.83|2.7,,4.68|2.5,2026-09-12T10:07:51+00:00
149698,2026-09-08,8:00am,JPY,low,Prelim Machine Tool Orders y/y,64.7%,,50.4%,2026-09-12T10:07:51+00:00
147584,2026-09-08,8:45am,EUR,low,French Industrial Production m/m,-0.4%,0.2%,-0.1%,2026-09-12T10:07:51+00:00
151045,2026-09-08,Aug 15th,USD,low,ADP Weekly Employment Change,10.0K,,11.8K,2026-09-12T10:07:51+00:00
147746,2026-09-09,10:00am,EUR,low,Italian Industrial Production m/m,0.7%,0.3%,-1.1%,2026-09-12T10:07:51+00:00
150792,2026-09-09,1:01am,GBP,low,RICS House Price Balance,-28%,-30%,-29%,2026-09-12T10:07:51+00:00
150538,2026-09-09,2:15pm,EUR,high,Main Refinancing Rate,2.65%,2.65%,2.40%,2026-09-12T10:07:51+00:00
150539,2026-09-09,2:15pm,EUR,high,Monetary Policy Statement,,,,2026-09-12T10:07:51+00:00
148403,2026-09-09,2:30pm,USD,high,Core PPI m/m,0.2%,0.3%,0.3%,2026-09-12T10:07:51+00:00
148388,2026-09-09,2:30pm,USD,high,PPI m/m,0.4%,0.4%,0.1%,2026-09-12T10:07:51+00:00
147014,2026-09-09,2:30pm,USD,medium,Unemployment Claims,206K,205K,207K,2026-09-12T10:07:51+00:00
150537,2026-09-09,2:45pm,EUR,high,ECB Press Conference,,,,2026-09-12T10:07:51+00:00
148102,2026-09-09,3:00am,AUD,low,MI Inflation Expectations,4.9%,,4.9%,2026-09-12T10:07:51+00:00
153466,2026-09-09,3:15am,USD,medium,President Trump Speaks,,,,2026-09-12T10:07:51+00:00
149832,2026-09-09,4:00pm,USD,low,Existing Home Sales,3.98M,3.98M,4.06M,2026-09-12T10:07:51+00:00
148198,2026-09-09,4:00pm,USD,low,Final Wholesale Inventories m/m,1.3%,1.2%,1.3%,2026-09-12T10:07:51+00:00
148769,2026-09-09,4:30pm,USD,low,Natural Gas Storage,40B,35B,30B,2026-09-12T10:07:51+00:00
148952,2026-09-09,6:00pm,USD,low,Crude Oil Inventories,-0.4M,-1.4M,-4.5M,2026-09-12T10:07:51+00:00
148913,2026-09-09,7:01pm,USD,low,30-y Bond Auction,5.31|2.6,,5.22|2.4,2026-09-12T10:07:51+00:00
151189,2026-09-09,8:00am,EUR,low,German Final CPI m/m,0.2%,0.2%,0.2%,2026-09-12T10:07:51+00:00
147769,2026-09-10,10:00am,EUR,low,Italian Quarterly Unemployment Rate,5.6%,5.4%,5.5%,2026-09-12T10:07:51+00:00
150692,2026-09-10,10:30am,GBP,low,Consumer Inflation Expectations,3.2%,,4.0%,2026-09-12T10:07:51+00:00
153462,2026-09-10,11:15am,CHF,medium,SNB Chairman Schlegel Speaks,,,,2026-09-12T10:07:51+00:00
149347,2026-09-10,12:30am,NZD,low,BusinessNZ Manufacturing Index,53.1,,54.3,2026-09-12T10:07:51+00:00
149960,2026-09-10,1:50am,JPY,low,BSI Manufacturing Index,7.6,2.5,-1.8,2026-09-12T10:07:51+00:00
149942,2026-09-10,1:50am,JPY,low,PPI y/y,7.6%,7.4%,7.7%,2026-09-12T10:07:51+00:00
148367,2026-09-10,2:30pm,USD,high,Core CPI m/m,0.3%,0.2%,0.2%,2026-09-12T10:07:51+00:00
153056,2026-09-10,2:30pm,USD,high,Core CPI y/y,2.4%,2.4%,2.5%,2026-09-12T10:07:51+00:00
148336,2026-09-10,2:30pm,USD,high,CPI m/m,0.4%,0.4%,0.1%,2026-09-12T10:07:51+00:00
148351,2026-09-10,2:30pm,USD,high,CPI y/y,3.4%,3.4%,3.4%,2026-09-12T10:07:51+00:00
153465,2026-09-10,4:00pm,EUR,medium,ECB President Lagarde Speaks,,,,2026-09-12T10:07:51+00:00
148578,2026-09-10,4:00pm,USD,medium,Prelim UoM Consumer Sentiment,47.8,51.0,51.7,2026-09-12T10:07:51+00:00
148590,2026-09-10,4:00pm,USD,medium,Prelim UoM Inflation Expectations,4.6%,,4.0%,2026-09-12T10:07:51+00:00
146806,2026-09-10,7:58pm,USD,low,Federal Budget Balance,-166.8B,-221.1B,-432.3B,2026-09-12T10:07:51+00:00
151558,2026-09-10,8:00am,GBP,high,GDP m/m,0.4%,0.0%,0.3%,2026-09-12T10:07:51+00:00
151563,2026-09-10,8:00am,GBP,low,Construction Output m/m,0.1%,0.1%,-0.1%,2026-09-12T10:07:51+00:00
151559,2026-09-10,8:00am,GBP,low,Goods Trade Balance,-21.0B,-22.6B,-23.0B,2026-09-12T10:07:51+00:00
151560,2026-09-10,8:00am,GBP,low,Index of Services 3m/3m,0.6%,0.5%,0.5%,2026-09-12T10:07:51+00:00
151561,2026-09-10,8:00am,GBP,low,Industrial Production m/m,0.2%,-0.2%,-0.2%,2026-09-12T10:07:51+00:00
151562,2026-09-10,8:00am,GBP,low,Manufacturing Production m/m,0.9%,0.2%,-0.5%,2026-09-12T10:07:51+00:00
147391,2026-09-10,9:00am,CHF,low,SECO Consumer Climate,-33,-33,-35,2026-09-12T10:07:51+00:00
153457,2026-09-11,10:00am,EUR,medium,ECB President Lagarde Speaks,,,,2026-09-12T10:07:51+00:00
151487,2026-09-11,Day 1,All,low,BRICS Summit,,,,2026-09-12T10:07:51+00:00
149686,2026-09-13,11:30pm,JPY,low,Revised Industrial Production m/m,-0.2%,0.1%,0.1%,2026-09-19T10:33:21+00:00
149359,2026-09-13,5:30pm,NZD,low,BusinessNZ Services Index,51.2,,50.6,2026-09-19T10:33:21+00:00
149134,2026-09-13,5:45pm,NZD,low,Visitor Arrivals m/m,0.5%,,0.0%,2026-09-19T10:33:21+00:00
153468,2026-09-13,9:30pm,AUD,low,RBA Assist Gov Hunter Speaks,,,,2026-09-19T10:33:21+00:00
153402,2026-09-13,Day 2,All,low,BRICS Summit,,,,2026-09-19T10:33:21+00:00
153474,2026-09-14,10:15am,EUR,medium,ECB President Lagarde Speaks,,,,2026-09-19T10:33:21+00:00
149722,2026-09-14,11:30pm,JPY,low,Tertiary Industry Activity m/m,0.4%,0.3%,-0.2%,2026-09-19T10:33:21+00:00
147332,2026-09-14,1:30am,CHF,low,PPI m/m,0.7%,0.0%,-0.1%,2026-09-19T10:33:21+00:00
150154,2026-09-14,4:01am,CNY,low,M2 Money Supply y/y,7.5%,7.6%,7.7%,2026-09-19T10:33:21+00:00
150153,2026-09-14,4:01am,CNY,low,New Loans,60B,480B,-340B,2026-09-19T10:33:21+00:00
149166,2026-09-14,7:30am,CAD,high,CPI m/m,-0.1%,-0.1%,0.5%,2026-09-19T10:33:21+00:00
149167,2026-09-14,7:30am,CAD,high,Median CPI y/y,2.0%,2.0%,2.0%,2026-09-19T10:33:21+00:00
149168,2026-09-14,7:30am,CAD,high,Trimmed CPI y/y,1.9%,1.9%,1.9%,2026-09-19T10:33:21+00:00
149163,2026-09-14,7:30am,CAD,medium,Common CPI y/y,2.6%,2.7%,2.7%,2026-09-19T10:33:21+00:00
149164,2026-09-14,7:30am,CAD,low,Core CPI m/m,0.1%,0.2%,0.2%,2026-09-19T10:33:21+00:00
149246,2026-09-14,7:30am,CAD,low,Manufacturing Sales m/m,-0.4%,-0.2%,0.3%,2026-09-19T10:33:21+00:00
151506,2026-09-14,8:30am,GBP,low,CB Leading Index m/m,-0.1%,,-0.1%,2026-09-19T10:33:21+00:00
150170,2026-09-14,8:30pm,CNY,low,New Home Prices m/m,-0.17%,,-0.18%,2026-09-19T10:33:21+00:00
150403,2026-09-14,9:00pm,CNY,low,Fixed Asset Investment ytd/y,-7.2%,-7.1%,-6.7%,2026-09-19T10:33:21+00:00
150404,2026-09-14,9:00pm,CNY,low,Industrial Production y/y,5.2%,4.8%,4.5%,2026-09-19T10:33:21+00:00
150405,2026-09-14,9:00pm,CNY,low,NBS Press Conference,,,,2026-09-19T10:33:21+00:00
150406,2026-09-14,9:00pm,CNY,low,Retail Sales y/y,0.4%,0.7%,0.6%,2026-09-19T10:33:21+00:00
150407,2026-09-14,9:00pm,CNY,low,Unemployment Rate,5.3%,5.2%,5.2%,2026-09-19T10:33:21+00:00
149400,2026-09-15,10:39am,NZD,low,GDT Price Index,-1.1%,,0.9%,2026-09-19T10:33:21+00:00
151191,2026-09-15,1:00am,EUR,low,German WPI m/m,0.9%,0.1%,0.2%,2026-09-19T10:33:21+00:00
151090,2026-09-15,1:00am,GBP,high,Claimant Count Change,27.8K,8.3K,-11.8K,2026-09-19T10:33:21+00:00
151089,2026-09-15,1:00am,GBP,medium,Average Earnings Index 3m/y,3.9%,3.9%,4.2%,2026-09-19T10:33:21+00:00
151088,2026-09-15,1:00am,GBP,low,Unemployment Rate,4.9%,5.0%,4.9%,2026-09-19T10:33:21+00:00
147551,2026-09-15,1:45am,EUR,low,French Final CPI m/m,0.7%,0.7%,0.7%,2026-09-19T10:33:21+00:00
147739,2026-09-15,3:00am,EUR,low,Italian Trade Balance,8.24B,4.77B,4.34B,2026-09-19T10:33:21+00:00
147091,2026-09-15,3:30pm,USD,low,API Weekly Statistical Bulletin,,,,2026-09-19T10:33:21+00:00
151309,2026-09-15,4:00am,EUR,low,Trade Balance,5.0B,3.7B,1.0B,2026-09-19T10:33:21+00:00
150502,2026-09-15,4:00am,EUR,low,German ZEW Economic Sentiment,34.7,39.8,34.2,2026-09-19T10:33:21+00:00
150503,2026-09-15,4:00am,EUR,low,ZEW Economic Sentiment,25.8,39.2,31.4,2026-09-19T10:33:21+00:00
148879,2026-09-15,4:04pm,NZD,low,Westpac Consumer Sentiment,89.5,,80.4,2026-09-19T10:33:21+00:00
149325,2026-09-15,5:45pm,NZD,low,Current Account,-1.67B,-2.57B,-1.09B,2026-09-19T10:33:21+00:00
149538,2026-09-15,6:50pm,JPY,low,Core Machinery Orders m/m,-3.7%,-1.2%,9.7%,2026-09-19T10:33:21+00:00
149734,2026-09-15,6:50pm,JPY,low,Trade Balance,-0.84T,-1.00T,-0.68T,2026-09-19T10:33:21+00:00
151046,2026-09-15,7:15am,USD,low,ADP Weekly Employment Change,16.3K,,12.3K,2026-09-19T10:33:21+00:00
149255,2026-09-15,7:30am,CAD,low,Wholesale Sales m/m,0.3%,-0.5%,2.8%,2026-09-19T10:33:21+00:00
148626,2026-09-15,7:30am,USD,low,Empire State Manufacturing Index,7.6,14.8,20.6,2026-09-19T10:33:21+00:00
148303,2026-09-15,7:30pm,AUD,low,MI Leading Index m/m,0.0%,,0.0%,2026-09-19T10:33:21+00:00
153492,2026-09-15,9:00am,USD,medium,Treasury Sec Bessent Speaks,,,,2026-09-19T10:33:21+00:00
153480,2026-09-16,11:00am,EUR,low,German Buba President Nagel Speaks,,,,2026-09-19T10:33:21+00:00
146568,2026-09-16,12:30pm,CAD,low,BOC Summary of Deliberations,,,,2026-09-19T10:33:21+00:00
151448,2026-09-16,1:00am,GBP,high,CPI y/y,3.1%,3.1%,2.9%,2026-09-19T10:33:21+00:00
151447,2026-09-16,1:00am,GBP,low,Core CPI y/y,2.6%,2.6%,2.6%,2026-09-19T10:33:21+00:00
151451,2026-09-16,1:00am,GBP,low,PPI Input m/m,0.3%,0.6%,-0.8%,2026-09-19T10:33:21+00:00
151452,2026-09-16,1:00am,GBP,low,PPI Output m/m,0.7%,0.5%,0.4%,2026-09-19T10:33:21+00:00
151449,2026-09-16,1:00am,GBP,low,RPI y/y,3.4%,3.5%,3.2%,2026-09-19T10:33:21+00:00
146499,2026-09-16,1:00pm,USD,high,Federal Funds Rate,4.00%,4.00%,3.75%,2026-09-19T10:33:21+00:00
146512,2026-09-16,1:00pm,USD,high,FOMC Economic Projections,,,,2026-09-19T10:33:21+00:00
146507,2026-09-16,1:00pm,USD,high,FOMC Statement,,,,2026-09-19T10:33:21+00:00
146519,2026-09-16,1:30pm,USD,high,FOMC Press Conference,,,,2026-09-19T10:33:21+00:00
149820,2026-09-16,3:00pm,USD,low,TIC Long-Term Purchases,-27.9B,146.3B,174.4,2026-09-19T10:33:21+00:00
151450,2026-09-16,3:30am,GBP,low,HPI y/y,1.4%,2.1%,1.5%,2026-09-19T10:33:21+00:00
151310,2026-09-16,4:00am,EUR,low,Industrial Production m/m,-0.1%,-0.2%,-0.1%,2026-09-19T10:33:21+00:00
150454,2026-09-16,4:35am,EUR,low,German 30-y Bond Auction,3.90|2.4,,3.65|1.3,2026-09-19T10:33:21+00:00
150021,2026-09-16,5:45pm,NZD,high,GDP q/q,0.2%,0.1%,0.9%,2026-09-19T10:33:21+00:00
149561,2026-09-16,7:15am,CAD,low,Housing Starts,229K,243K,229K,2026-09-19T10:33:21+00:00
149304,2026-09-16,7:30am,CAD,low,Building Permits m/m,-17.3%,-4.7%,18.3%,2026-09-19T10:33:21+00:00
148045,2026-09-16,7:30am,USD,medium,Core Retail Sales m/m,1.4%,0.6%,-0.2%,2026-09-19T10:33:21+00:00
148033,2026-09-16,7:30am,USD,medium,Retail Sales m/m,1.2%,0.8%,-0.5%,2026-09-19T10:33:21+00:00
148419,2026-09-16,7:30am,USD,low,Import Prices m/m,0.7%,0.4%,-0.3%,2026-09-19T10:33:21+00:00
148088,2026-09-16,9:00am,USD,low,Business Inventories m/m,0.8%,0.6%,0.1%,2026-09-19T10:33:21+00:00
149758,2026-09-16,9:00am,USD,low,NAHB Housing Market Index,32,34,35,2026-09-19T10:33:21+00:00
148953,2026-09-16,9:30am,USD,low,Crude Oil Inventories,-0.6M,-1.6M,-0.4M,2026-09-19T10:33:21+00:00
147286,2026-09-17,2:00am,CHF,low,SECO Economic Forecasts,,,,2026-09-19T10:33:21+00:00
153473,2026-09-17,3:37am,EUR,low,Spanish 10-y Bond Auction,3.96|1.7,,3.74|2.3,2026-09-19T10:33:21+00:00
151311,2026-09-17,4:00am,EUR,low,Final Core CPI y/y,2.4%,2.4%,2.4%,2026-09-19T10:33:21+00:00
151312,2026-09-17,4:00am,EUR,low,Final CPI y/y,3.2%,3.3%,3.3%,2026-09-19T10:33:21+00:00
149335,2026-09-17,5:45pm,NZD,low,FPI m/m,0.3%,,0.1%,2026-09-19T10:33:21+00:00
149319,2026-09-17,5:45pm,NZD,low,Trade Balance,-1349M,-1775M,-2118M,2026-09-19T10:33:21+00:00
150721,2026-09-17,6:00am,GBP,high,Monetary Policy Summary,,,,2026-09-19T10:33:21+00:00
150722,2026-09-17,6:00am,GBP,high,MPC Official Bank Rate Votes,3-0-6,3-0-6,3-0-6,2026-09-19T10:33:21+00:00
150720,2026-09-17,6:00am,GBP,high,Official Bank Rate,3.75%,3.75%,3.75%,2026-09-19T10:33:21+00:00
153420,2026-09-17,6:30pm,AUD,medium,RBA Gov Bullock Speaks,,,,2026-09-19T10:33:21+00:00
149918,2026-09-17,6:30pm,JPY,low,National Core CPI y/y,1.7%,1.8%,1.8%,2026-09-19T10:33:21+00:00
149267,2026-09-17,7:30am,CAD,low,Foreign Securities Purchases,20.65B,28.64B,41.25B,2026-09-19T10:33:21+00:00
149288,2026-09-17,7:30am,CAD,low,IPPI m/m,1.3%,0.0%,0.3%,2026-09-19T10:33:21+00:00
149573,2026-09-17,7:30am,CAD,low,NHPI m/m,-0.1%,,-0.1%,2026-09-19T10:33:21+00:00
149279,2026-09-17,7:30am,CAD,low,RMPI m/m,3.1%,0.7%,-2.1%,2026-09-19T10:33:21+00:00
146963,2026-09-17,7:30am,USD,medium,Philly Fed Manufacturing Index,37.8,31.3,47.4,2026-09-19T10:33:21+00:00
147015,2026-09-17,7:30am,USD,medium,Unemployment Claims,196K,207K,206K,2026-09-19T10:33:21+00:00
146818,2026-09-17,7:30am,USD,low,Building Permits,1.39M,1.40M,1.43M,2026-09-19T10:33:21+00:00
146842,2026-09-17,7:30am,USD,low,Housing Starts,1.28M,1.32M,1.31M,2026-09-19T10:33:21+00:00
149844,2026-09-17,9:00am,USD,low,Pending Home Sales m/m,0.3%,-0.2%,-2.6%,2026-09-19T10:33:21+00:00
151765,2026-09-17,9:30am,AUD,low,CB Leading Index m/m,0.5%,,0.5%,2026-09-19T10:33:21+00:00
148770,2026-09-17,9:30am,USD,low,Natural Gas Storage,44B,49B,40B,2026-09-19T10:33:21+00:00
148559,2026-09-17,9:54pm,JPY,high,BOJ Policy Rate,<1.25%,<1.25%,<1.00%,2026-09-19T10:33:21+00:00
148560,2026-09-17,9:54pm,JPY,high,Monetary Policy Statement,,,,2026-09-19T10:33:21+00:00
153479,2026-09-18,10:45am,USD,low,FOMC Member Schmid Speaks,,,,2026-09-19T10:33:21+00:00
151190,2026-09-18,1:00am,EUR,low,German PPI m/m,1.1%,0.6%,1.1%,2026-09-19T10:33:21+00:00
151610,2026-09-18,1:00am,GBP,medium,Retail Sales m/m,0.5%,-0.2%,-0.5%,2026-09-19T10:33:21+00:00
148561,2026-09-18,1:30am,JPY,high,BOJ Press Conference,,,,2026-09-19T10:33:21+00:00
151313,2026-09-18,3:00am,EUR,low,Current Account,27.6B,30.7B,35.1B,2026-09-19T10:33:21+00:00
153475,2026-09-18,5:30am,EUR,medium,ECB President Lagarde Speaks,,,,2026-09-19T10:33:21+00:00
147051,2026-09-18,8:15am,USD,low,Capacity Utilization Rate,76.3%,76.4%,76.3%,2026-09-19T10:33:21+00:00
147039,2026-09-18,8:15am,USD,low,Industrial Production m/m,0.0%,0.3%,0.2%,2026-09-19T10:33:21+00:00
153467,2026-09-18,8:30am,USD,low,FOMC Member Bowman Speaks,,,,2026-09-19T10:33:21+00:00
149808,2026-09-18,9:00am,USD,low,CB Leading Index m/m,-0.1%,0.1%,0.2%,2026-09-19T10:33:21+00:00
153476,2026-09-18,All Day,EUR,low,ECOFIN Meetings,,,,2026-09-19T10:33:21+00:00
153478,2026-09-18,All Day,EUR,low,Eurogroup Meetings,,,,2026-09-19T10:33:21+00:00
150214,2026-09-18,Tentative,CNY,low,Foreign Direct Investment ytd/y,-5.3%,,-6.2%,2026-09-19T10:33:21+00:00
153477,2026-09-19,All Day,EUR,low,ECOFIN Meetings,,,,2026-09-19T10:33:21+00:00
150781,2026-09-20,4:01pm,GBP,low,Rightmove HPI m/m,0.7%,,-2.0%,2026-09-26T11:02:52+00:00
148889,2026-09-20,8:00pm,NZD,low,Credit Card Spending y/y,3.5%,,5.3%,2026-09-26T11:02:52+00:00
147463,2026-09-20,All Day,JPY,non-economic,Bank Holiday,,,,2026-09-26T11:02:52+00:00
151622,2026-09-21,11:00pm,GBP,low,Public Sector Net Borrowing,18.3B,15.2B,2.0B,2026-09-26T11:02:52+00:00
153552,2026-09-21,12:00pm,AUD,low,RBA Assist Gov Hunter Speaks,,,,2026-09-26T11:02:52+00:00
150469,2026-09-21,3:00am,EUR,low,German Buba Monthly Report,,,,2026-09-26T11:02:52+00:00
153481,2026-09-21,3:30am,USD,low,FOMC Member Goolsbee Speaks,,,,2026-09-26T11:02:52+00:00
153562,2026-09-21,8:00am,EUR,medium,ECB President Lagarde Speaks,,,,2026-09-26T11:02:52+00:00
153551,2026-09-21,8:05am,CAD,medium,BOC Gov Macklem Speaks,,,,2026-09-26T11:02:52+00:00
153482,2026-09-21,8:10pm,AUD,high,RBA Gov Bullock Speaks,,,,2026-09-26T11:02:52+00:00
147465,2026-09-21,All Day,JPY,non-economic,Bank Holiday,,,,2026-09-26T11:02:52+00:00
153560,2026-09-22,10:00am,USD,low,FOMC Member Barkin Speaks,,,,2026-09-26T11:02:52+00:00
153554,2026-09-22,12:30pm,EUR,low,German Buba President Nagel Speaks,,,,2026-09-26T11:02:52+00:00
153553,2026-09-22,1:30am,EUR,low,German Buba President Nagel Speaks,,,,2026-09-26T11:02:52+00:00
147092,2026-09-22,1:30pm,USD,low,API Weekly Statistical Bulletin,,,,2026-09-26T11:02:52+00:00
150650,2026-09-22,3:00am,GBP,low,CBI Industrial Order Expectations,-9,-33,-25,2026-09-26T11:02:52+00:00
153563,2026-09-22,4:00am,EUR,medium,ECB President Lagarde Speaks,,,,2026-09-26T11:02:52+00:00
150913,2026-09-22,4:00pm,AUD,low,Flash Manufacturing PMI,49.3,,52.0,2026-09-26T11:02:52+00:00
150914,2026-09-22,4:00pm,AUD,low,Flash Services PMI,51.4,,53.2,2026-09-26T11:02:52+00:00
151047,2026-09-22,5:15am,USD,low,ADP Weekly Employment Change,20.0K,,16.8K,2026-09-26T11:02:52+00:00
153640,2026-09-22,6:55am,USD,medium,President Trump Speaks,,,,2026-09-26T11:02:52+00:00
150608,2026-09-22,7:00am,EUR,low,Consumer Confidence,-17,-16,-16,2026-09-26T11:02:52+00:00
146975,2026-09-22,7:00am,USD,low,Richmond Manufacturing Index,-2,2,4,2026-09-26T11:02:52+00:00
153483,2026-09-22,7:05am,USD,low,FOMC Member Williams Speaks,,,,2026-09-26T11:02:52+00:00
153555,2026-09-22,7:20am,USD,low,FOMC Member Jefferson Speaks,,,,2026-09-26T11:02:52+00:00
147464,2026-09-22,All Day,JPY,non-economic,Bank Holiday,,,,2026-09-26T11:02:52+00:00
147663,2026-09-23,12:15am,EUR,medium,French Flash Manufacturing PMI,50.3,50.9,51.1,2026-09-26T11:02:52+00:00
147664,2026-09-23,12:15am,EUR,medium,French Flash Services PMI,51.4,48.3,48.0,2026-09-26T11:02:52+00:00
147665,2026-09-23,12:30am,EUR,medium,German Flash Manufacturing PMI,53.8,54.1,54.3,2026-09-26T11:02:52+00:00
147666,2026-09-23,12:30am,EUR,medium,German Flash Services PMI,52.9,49.9,49.7,2026-09-26T11:02:52+00:00
147667,2026-09-23,1:00am,EUR,low,Flash Manufacturing PMI,52.7,52.6,52.7,2026-09-26T11:02:52+00:00
147668,2026-09-23,1:00am,EUR,low,Flash Services PMI,53.0,51.4,51.6,2026-09-26T11:02:52+00:00
147669,2026-09-23,1:30am,GBP,medium,Flash Manufacturing PMI,52.0,51.5,51.7,2026-09-26T11:02:52+00:00
147670,2026-09-23,1:30am,GBP,medium,Flash Services PMI,51.7,52.0,52.5,2026-09-26T11:02:52+00:00
153550,2026-09-23,2:35am,EUR,low,German 30-y Bond Auction,3.80|1.6,,3.90|2.4,2026-09-26T11:02:52+00:00
150929,2026-09-23,5:30pm,JPY,low,Flash Manufacturing PMI,54.1,55.0,54.9,2026-09-26T11:02:52+00:00
148146,2026-09-23,6:30pm,AUD,high,Employment Change,39.5K,21.5K,-15.9K,2026-09-26T11:02:52+00:00
148147,2026-09-23,6:30pm,AUD,high,Unemployment Rate,4.6%,4.5%,4.5%,2026-09-26T11:02:52+00:00
147485,2026-09-23,6:30pm,AUD,low,NAB Quarterly Business Confidence,-11,,-19,2026-09-26T11:02:52+00:00
149770,2026-09-23,6:45am,USD,low,Flash Manufacturing PMI,57.0,53.6,53.9,2026-09-26T11:02:52+00:00
149782,2026-09-23,6:45am,USD,low,Flash Services PMI,58.7,55.8,56.5,2026-09-26T11:02:52+00:00
153561,2026-09-23,7:05am,USD,low,FOMC Member Barr Speaks,,,,2026-09-26T11:02:52+00:00
148954,2026-09-23,7:30am,USD,low,Crude Oil Inventories,3.0M,-0.7M,-0.6M,2026-09-26T11:02:52+00:00
153677,2026-09-23,9:00am,USD,low,FOMC Member Goolsbee Speaks,,,,2026-09-26T11:02:52+00:00
149906,2026-09-24,10:00pm,JPY,low,BOJ Core CPI y/y,1.8%,1.5%,1.6%,2026-09-26T11:02:52+00:00
150481,2026-09-24,11:00pm,EUR,low,German GfK Consumer Climate,-30.6,-27.1,-26.8,2026-09-26T11:02:52+00:00
147410,2026-09-24,12:30am,CHF,high,SNB Monetary Policy Assessment,,,,2026-09-26T11:02:52+00:00
147411,2026-09-24,12:30am,CHF,high,SNB Policy Rate,0.00%,0.00%,0.00%,2026-09-26T11:02:52+00:00
147412,2026-09-24,1:00am,CHF,high,SNB Press Conference,,,,2026-09-26T11:02:52+00:00
150557,2026-09-24,1:00am,EUR,low,ECB Economic Bulletin,,,,2026-09-26T11:02:52+00:00
150433,2026-09-24,1:00am,EUR,low,German ifo Business Climate,89.9,89.1,88.8,2026-09-26T11:02:52+00:00
153484,2026-09-24,1:10am,USD,low,FOMC Member Williams Speaks,,,,2026-09-26T11:02:52+00:00
153485,2026-09-24,2:30am,GBP,low,MPC Member Dhingra Speaks,,,,2026-09-26T11:02:52+00:00
150662,2026-09-24,3:00am,GBP,low,CBI Realized Sales,-55,-42,-48,2026-09-26T11:02:52+00:00
150686,2026-09-24,4:01pm,GBP,low,GfK Consumer Confidence,-13,-16,-14,2026-09-26T11:02:52+00:00
153811,2026-09-24,4:55pm,USD,medium,President Trump Speaks,,,,2026-09-26T11:02:52+00:00
149218,2026-09-24,5:30am,CAD,medium,Core Retail Sales m/m,-0.7%,-0.5%,0.5%,2026-09-26T11:02:52+00:00
149209,2026-09-24,5:30am,CAD,medium,Retail Sales m/m,-0.7%,-0.8%,0.6%,2026-09-26T11:02:52+00:00
147016,2026-09-24,5:30am,USD,medium,Unemployment Claims,197K,201K,198K,2026-09-26T11:02:52+00:00
148265,2026-09-24,5:30am,USD,low,Current Account,-246B,-258B,-213B,2026-09-26T11:02:52+00:00
153639,2026-09-24,5:30am,USD,low,FOMC Member Barkin Speaks,,,,2026-09-26T11:02:52+00:00
153486,2026-09-24,5:50am,USD,low,FOMC Member Hammack Speaks,,,,2026-09-26T11:02:52+00:00
151695,2026-09-24,6:00am,CNY,low,CB Leading Index m/m,-0.2%,,-0.2%,2026-09-26T11:02:52+00:00
151394,2026-09-24,6:00am,EUR,low,Belgian NBB Business Climate,-12.1,-13.5,-13.2,2026-09-26T11:02:52+00:00
153487,2026-09-24,6:30am,GBP,low,MPC Member Breeden Speaks,,,,2026-09-26T11:02:52+00:00
153488,2026-09-24,7:00am,GBP,low,MPC Member Lombardelli Speaks,,,,2026-09-26T11:02:52+00:00
146856,2026-09-24,7:00am,USD,low,New Home Sales,684K,615K,643K,2026-09-26T11:02:52+00:00
153489,2026-09-24,7:10am,USD,low,FOMC Member Paulson Speaks,,,,2026-09-26T11:02:52+00:00
153787,2026-09-24,7:15am,USD,medium,President Trump Speaks,,,,2026-09-26T11:02:52+00:00
148771,2026-09-24,7:30am,USD,low,Natural Gas Storage,53B,50B,44B,2026-09-26T11:02:52+00:00
151647,2026-09-24,All Day,CNY,non-economic,Bank Holiday,,,,2026-09-26T11:02:52+00:00
153491,2026-09-25,11:00am,USD,low,FOMC Member Hammack Speaks,,,,2026-09-26T11:02:52+00:00
150582,2026-09-25,1:00am,EUR,low,M3 Money Supply y/y,3.5%,3.5%,3.4%,2026-09-26T11:02:52+00:00
150583,2026-09-25,1:00am,EUR,low,Private Loans y/y,3.1%,3.2%,3.1%,2026-09-26T11:02:52+00:00
153559,2026-09-25,2:15am,GBP,high,BOE Gov Bailey Speaks,,,,2026-09-26T11:02:52+00:00
153490,2026-09-25,2:15am,USD,low,FOMC Member Williams Speaks,,,,2026-09-26T11:02:52+00:00
148186,2026-09-25,5:30am,USD,low,Core Durable Goods Orders m/m,0.3%,0.6%,0.7%,2026-09-26T11:02:52+00:00
148174,2026-09-25,5:30am,USD,low,Durable Goods Orders m/m,0.0%,-0.3%,0.9%,2026-09-26T11:02:52+00:00
153678,2026-09-25,6:20am,USD,low,FOMC Member Schmid Speaks,,,,2026-09-26T11:02:52+00:00
148602,2026-09-25,7:00am,USD,medium,Revised UoM Consumer Sentiment,48.1,47.4,47.8,2026-09-26T11:02:52+00:00
148614,2026-09-25,7:00am,USD,medium,Revised UoM Inflation Expectations,4.6%,,4.6%,2026-09-26T11:02:52+00:00
147111,2026-09-26,7:00am,NZD,non-economic,Daylight Saving Time Shift,,,,2026-09-26T11:02:52+00:00
148684,2026-09-27,6:50pm,JPY,low,Monetary Policy Meeting Minutes,,,,2026-10-03T11:19:19+00:00
149954,2026-09-27,6:50pm,JPY,low,SPPI y/y,3.7%,3.6%,3.6%,2026-10-03T11:19:19+00:00
147789,2026-09-28,11:30pm,AUD,high,Cash Rate,4.60%,4.60%,4.35%,2026-10-03T11:19:19+00:00
147790,2026-09-28,11:30pm,AUD,high,RBA Rate Statement,,,,2026-10-03T11:19:19+00:00
153865,2026-09-28,12:25pm,USD,low,FOMC Member Cook Speaks,,,,2026-10-03T11:19:19+00:00
153813,2026-09-28,12:30pm,USD,low,FOMC Member Barkin Speaks,,,,2026-10-03T11:19:19+00:00
153788,2026-09-28,5:00am,GBP,low,MPC Member Ramsden Speaks,,,,2026-10-03T11:19:19+00:00
150842,2026-09-28,6:01pm,GBP,low,BRC Shop Price Index y/y,1.4%,1.5%,1.5%,2026-10-03T11:19:19+00:00
153864,2026-09-28,7:15am,USD,low,FOMC Member Bowman Speaks,,,,2026-10-03T11:19:19+00:00
153860,2026-09-28,8:30am,EUR,medium,ECB President Lagarde Speaks,,,,2026-10-03T11:19:19+00:00
148518,2026-09-28,8:30pm,AUD,low,Household Spending m/m,0.0%,0.3%,1.1%,2026-10-03T11:19:19+00:00
153808,2026-09-29,10:00am,GBP,low,MPC Member Mann Speaks,,,,2026-10-03T11:19:19+00:00
153866,2026-09-29,10:00am,USD,low,FOMC Member Bowman Speaks,,,,2026-10-03T11:19:19+00:00
153790,2026-09-29,10:30am,GBP,low,MPC Member Taylor Speaks,,,,2026-10-03T11:19:19+00:00
153867,2026-09-29,11:40am,USD,low,FOMC Member Barr Speaks,,,,2026-10-03T11:19:19+00:00
153791,2026-09-29,12:00pm,USD,low,FOMC Member Goolsbee Speaks,,,,2026-10-03T11:19:19+00:00
153806,2026-09-29,12:20pm,CAD,low,Gov Council Member Gravelle Speaks,,,,2026-10-03T11:19:19+00:00
147800,2026-09-29,12:30am,AUD,medium,RBA Press Conference,,,,2026-10-03T11:19:19+00:00
153812,2026-09-29,12:30pm,USD,low,FOMC Member Musalem Speaks,,,,2026-10-03T11:19:19+00:00
153792,2026-09-29,1:00pm,USD,low,FOMC Member Williams Speaks,,,,2026-10-03T11:19:19+00:00
147368,2026-09-29,2:00am,CHF,low,KOF Economic Barometer,109.1,106.0,107.5,2026-10-03T11:19:19+00:00
147512,2026-09-29,2:00am,EUR,low,Spanish Flash CPI y/y,4.9%,4.6%,4.3%,2026-10-03T11:19:19+00:00
153868,2026-09-29,2:00pm,USD,low,FOMC Member Waller Speaks,,,,2026-10-03T11:19:19+00:00
150765,2026-09-29,3:30am,GBP,low,M4 Money Supply m/m,0.4%,0.1%,-0.3%,2026-10-03T11:19:19+00:00
150766,2026-09-29,3:30am,GBP,low,Mortgage Approvals,55K,56K,56K,2026-10-03T11:19:19+00:00
150767,2026-09-29,3:30am,GBP,low,Net Lending to Individuals m/m,6.9B,6.2B,6.2B,2026-10-03T11:19:19+00:00
147093,2026-09-29,3:30pm,USD,low,API Weekly Statistical Bulletin,,,,2026-10-03T11:19:19+00:00
153815,2026-09-29,4:02am,GBP,low,10-y Bond Auction,5.38|3.3,,5.16|3.6,2026-10-03T11:19:19+00:00
147703,2026-09-29,4:04am,EUR,low,Italian 10-y Bond Auction,4.58|1.6,,4.10|1.6,2026-10-03T11:19:19+00:00
153789,2026-09-29,5:00am,EUR,low,German Buba President Nagel Speaks,,,,2026-10-03T11:19:19+00:00
153861,2026-09-29,6:00am,EUR,medium,ECB President Lagarde Speaks,,,,2026-10-03T11:19:19+00:00
149674,2026-09-29,6:50pm,JPY,low,Prelim Industrial Production m/m,-1.7%,1.4%,-0.2%,2026-10-03T11:19:19+00:00
149710,2026-09-29,6:50pm,JPY,low,Retail Sales y/y,2.7%,3.3%,3.7%,2026-10-03T11:19:19+00:00
149371,2026-09-29,7:00pm,NZD,low,ANZ Business Confidence,51.9,,53.7,2026-10-03T11:19:19+00:00
149227,2026-09-29,7:30am,CAD,medium,GDP m/m,0.0%,0.0%,0.4%,2026-10-03T11:19:19+00:00
148670,2026-09-29,8:00am,USD,low,HPI m/m,0.3%,0.1%,0.0%,2026-10-03T11:19:19+00:00
148658,2026-09-29,8:00am,USD,low,S&P/CS Composite-20 HPI y/y,2.5%,2.2%,2.2%,2026-10-03T11:19:19+00:00
152600,2026-09-29,8:30pm,AUD,high,CPI m/m,0.4%,0.5%,1.0%,2026-10-03T11:19:19+00:00
149100,2026-09-29,8:30pm,AUD,high,CPI y/y,4.0%,4.1%,3.5%,2026-10-03T11:19:19+00:00
152601,2026-09-29,8:30pm,AUD,high,Trimmed Mean CPI m/m,0.2%,0.3%,0.5%,2026-10-03T11:19:19+00:00
150062,2026-09-29,8:30pm,AUD,low,Building Approvals m/m,-6.1%,-1.6%,-1.9%,2026-10-03T11:19:19+00:00
148335,2026-09-29,8:30pm,AUD,low,Private Sector Credit m/m,0.6%,0.5%,0.6%,2026-10-03T11:19:19+00:00
150081,2026-09-29,8:30pm,CNY,low,Manufacturing PMI,50.1,50.1,49.8,2026-10-03T11:19:19+00:00
150082,2026-09-29,8:30pm,CNY,low,Non-Manufacturing PMI,50.2,49.2,49.0,2026-10-03T11:19:19+00:00
150107,2026-09-29,8:45pm,CNY,low,RatingDog Manufacturing PMI,52.1,51.7,51.5,2026-10-03T11:19:19+00:00
150108,2026-09-29,8:45pm,CNY,low,RatingDog Services PMI,51.6,51.3,51.4,2026-10-03T11:19:19+00:00
146886,2026-09-29,9:00am,USD,medium,CB Consumer Confidence,81.9,89.2,88.6,2026-10-03T11:19:19+00:00
149797,2026-09-29,9:00am,USD,medium,JOLTS Job Openings,7.08M,7.23M,7.34M,2026-10-03T11:19:19+00:00
149746,2026-09-30,12:00am,JPY,low,Housing Starts y/y,6.1%,6.9%,8.2%,2026-10-03T11:19:19+00:00
153793,2026-09-30,12:30pm,USD,low,FOMC Member Barkin Speaks,,,,2026-10-03T11:19:19+00:00
151194,2026-09-30,1:00am,EUR,low,German Import Prices m/m,1.0%,0.6%,0.2%,2026-10-03T11:19:19+00:00
151590,2026-09-30,1:00am,GBP,low,Current Account,-19.9B,-25.6B,-21.1B,2026-10-03T11:19:19+00:00
151588,2026-09-30,1:00am,GBP,low,Final GDP q/q,0.5%,0.4%,0.4%,2026-10-03T11:19:19+00:00
151589,2026-09-30,1:00am,GBP,low,Revised Business Investment q/q,1.8%,1.7%,1.7%,2026-10-03T11:19:19+00:00
151193,2026-09-30,1:04am,EUR,low,German Retail Sales m/m,1.3%,1.6%,-3.2%,2026-10-03T11:19:19+00:00
147583,2026-09-30,1:45am,EUR,low,French Consumer Spending m/m,-0.5%,0.0%,0.4%,2026-10-03T11:19:19+00:00
147552,2026-09-30,1:45am,EUR,low,French Prelim CPI m/m,-0.3%,-0.5%,0.7%,2026-10-03T11:19:19+00:00
153794,2026-09-30,2:25pm,USD,low,FOMC Member Cook Speaks,,,,2026-10-03T11:19:19+00:00
154044,2026-09-30,2:30pm,USD,medium,President Trump Speaks,,,,2026-10-03T11:19:19+00:00
150518,2026-09-30,2:55am,EUR,low,German Unemployment Change,12K,1K,5K,2026-10-03T11:19:19+00:00
147383,2026-09-30,3:00am,CHF,low,UBS Economic Expectations,2.6,,12.1,2026-10-03T11:19:19+00:00
147727,2026-09-30,4:00am,EUR,low,Italian Prelim CPI m/m,0.7%,0.2%,0.5%,2026-10-03T11:19:19+00:00
153795,2026-09-30,4:10pm,USD,low,FOMC Member Goolsbee Speaks,,,,2026-10-03T11:19:19+00:00
150734,2026-09-30,4:30am,GBP,low,FPC Meeting Minutes,,,,2026-10-03T11:19:19+00:00
150735,2026-09-30,4:30am,GBP,low,FPC Statement,,,,2026-10-03T11:19:19+00:00
150457,2026-09-30,4:32am,EUR,low,German 10-y Bond Auction,3.58|1.2,,3.39|1.5,2026-10-03T11:19:19+00:00
150032,2026-09-30,4:45pm,NZD,low,Building Consents m/m,5.6%,,-4.5%,2026-10-03T11:19:19+00:00
153796,2026-09-30,5:00pm,USD,medium,FOMC Member Kashkari Speaks,,,,2026-10-03T11:19:19+00:00
148693,2026-09-30,6:50pm,JPY,low,BOJ Summary of Opinions,,,,2026-10-03T11:19:19+00:00
149966,2026-09-30,6:50pm,JPY,low,Tankan Manufacturing Index,24,25,22,2026-10-03T11:19:19+00:00
149967,2026-09-30,6:50pm,JPY,low,Tankan Non-Manufacturing Index,35,36,37,2026-10-03T11:19:19+00:00
150307,2026-09-30,7:15am,USD,medium,ADP Non-Farm Employment Change,90K,73K,36K,2026-10-03T11:19:19+00:00
148235,2026-09-30,7:30am,USD,high,Core PCE Price Index m/m,0.2%,0.3%,0.1%,2026-10-03T11:19:19+00:00
148310,2026-09-30,7:30am,USD,high,Final GDP q/q,2.2%,1.5%,1.5%,2026-10-03T11:19:19+00:00
148316,2026-09-30,7:30am,USD,medium,Final GDP Price Index q/q,6.1%,6.4%,6.4%,2026-10-03T11:19:19+00:00
148211,2026-09-30,7:30am,USD,low,Goods Trade Balance,-132.6B,-116.3B,-118.9B,2026-10-03T11:19:19+00:00
148247,2026-09-30,7:30am,USD,low,Personal Income m/m,0.2%,0.5%,0.3%,2026-10-03T11:19:19+00:00
148259,2026-09-30,7:30am,USD,low,Personal Spending m/m,0.9%,0.8%,0.1%,2026-10-03T11:19:19+00:00
148223,2026-09-30,7:30am,USD,low,Prelim Wholesale Inventories m/m,0.7%,0.5%,1.3%,2026-10-03T11:19:19+00:00
150942,2026-09-30,7:30pm,JPY,low,Final Manufacturing PMI,54.1,54.1,54.1,2026-10-03T11:19:19+00:00
147402,2026-09-30,8:00am,CHF,low,SNB Quarterly Bulletin,,,,2026-10-03T11:19:19+00:00
148280,2026-09-30,8:30pm,AUD,low,Goods Trade Balance,0.50B,2.00B,1.35B,2026-10-03T11:19:19+00:00
148536,2026-09-30,8:30pm,AUD,low,RBA Financial Stability Review,,,,2026-10-03T11:19:19+00:00
146830,2026-09-30,8:45am,USD,low,Chicago PMI,58.8,51.2,47.1,2026-10-03T11:19:19+00:00
153863,2026-09-30,9:30am,CHF,low,Gov Board Member Tschudin Speaks,,,,2026-10-03T11:19:19+00:00
148955,2026-09-30,9:30am,USD,low,Crude Oil Inventories,0.9M,-0.7M,3.0M,2026-10-03T11:19:19+00:00
151192,2026-09-30,All Day,EUR,medium,German Prelim CPI m/m,0.6%,0.5%,0.2%,2026-10-03T11:19:19+00:00
146489,2026-09-30,All Day,CAD,non-economic,Bank Holiday,,,,2026-10-03T11:19:19+00:00
151648,2026-09-30,All Day,CNY,non-economic,Bank Holiday,,,,2026-10-03T11:19:19+00:00
153814,2026-10-01,10:30am,CHF,medium,SNB Chairman Schlegel Speaks,,,,2026-10-03T11:19:19+00:00
153870,2026-10-01,12:30pm,USD,low,FOMC Member Jefferson Speaks,,,,2026-10-03T11:19:19+00:00
150804,2026-10-01,1:00am,GBP,low,Nationwide HPI m/m,-0.2%,0.0%,0.2%,2026-10-03T11:19:19+00:00
148389,2026-10-01,1:30am,AUD,low,Commodity Prices y/y,15.5%,,16.2%,2026-10-03T11:19:19+00:00
147314,2026-10-01,1:30am,CHF,medium,CPI m/m,0.0%,0.0%,0.4%,2026-10-03T11:19:19+00:00
147351,2026-10-01,1:30am,CHF,low,Retail Sales y/y,3.2%,2.1%,2.6%,2026-10-03T11:19:19+00:00
153871,2026-10-01,2:00pm,USD,low,FOMC Member Bowman Speaks,,,,2026-10-03T11:19:19+00:00
153807,2026-10-01,2:05pm,CAD,low,Gov Council Member Rogers Speaks,,,,2026-10-03T11:19:19+00:00
147200,2026-10-01,2:15am,EUR,low,Spanish Manufacturing PMI,51.0,50.2,49.5,2026-10-03T11:19:19+00:00
147137,2026-10-01,2:30am,CHF,low,Manufacturing PMI,55.3,56.3,57.1,2026-10-03T11:19:19+00:00
153804,2026-10-01,2:30pm,USD,low,FOMC Member Cook Speaks,,,,2026-10-03T11:19:19+00:00
147199,2026-10-01,2:45am,EUR,low,Italian Manufacturing PMI,50.4,50.1,49.6,2026-10-03T11:19:19+00:00
147198,2026-10-01,2:50am,EUR,low,French Final Manufacturing PMI,50.6,50.3,50.3,2026-10-03T11:19:19+00:00
147197,2026-10-01,2:55am,EUR,low,German Final Manufacturing PMI,53.9,53.8,53.8,2026-10-03T11:19:19+00:00
147196,2026-10-01,3:00am,EUR,low,Final Manufacturing PMI,52.9,52.7,52.7,2026-10-03T11:19:19+00:00
147710,2026-10-01,3:00am,EUR,low,Italian Monthly Unemployment Rate,6.2%,5.8%,6.0%,2026-10-03T11:19:19+00:00
153797,2026-10-01,3:00am,GBP,medium,BOE Gov Bailey Speaks,,,,2026-10-03T11:19:19+00:00
147195,2026-10-01,3:30am,GBP,low,Final Manufacturing PMI,51.9,52.0,52.0,2026-10-03T11:19:19+00:00
147435,2026-10-01,3:42am,EUR,low,Spanish 10-y Bond Auction,4.18|1.6,,3.96|1.7,2026-10-03T11:19:19+00:00
147434,2026-10-01,3:57am,EUR,low,French 10-y Bond Auction,4.93|2.0,,4.23|2.3,2026-10-03T11:19:19+00:00
151316,2026-10-01,4:00am,EUR,low,Unemployment Rate,6.4%,6.4%,6.4%,2026-10-03T11:19:19+00:00
146900,2026-10-01,4:30am,USD,low,Challenger Job Cuts y/y,-19.9%,,-38.5%,2026-10-03T11:19:19+00:00
153809,2026-10-01,5:35am,EUR,low,German Buba President Nagel Speaks,,,,2026-10-03T11:19:19+00:00
153805,2026-10-01,6:20pm,USD,low,FOMC Member Logan Speaks,,,,2026-10-03T11:19:19+00:00
149930,2026-10-01,6:30pm,JPY,medium,Tokyo Core CPI y/y,2.7%,2.4%,1.8%,2026-10-03T11:19:19+00:00
148832,2026-10-01,6:30pm,JPY,low,Unemployment Rate,2.5%,2.4%,2.4%,2026-10-03T11:19:19+00:00
148717,2026-10-01,6:50pm,JPY,low,Monetary Base y/y,-15.2%,-16.3%,-15.7%,2026-10-03T11:19:19+00:00
153798,2026-10-01,7:00am,GBP,low,MPC Member Mann Speaks,,,,2026-10-03T11:19:19+00:00
147017,2026-10-01,7:30am,USD,medium,Unemployment Claims,197K,201K,198K,2026-10-03T11:19:19+00:00
153800,2026-10-01,8:05am,USD,low,FOMC Member Barkin Speaks,,,,2026-10-03T11:19:19+00:00
153801,2026-10-01,8:05am,USD,low,FOMC Member Collins Speaks,,,,2026-10-03T11:19:19+00:00
153799,2026-10-01,8:05am,USD,low,FOMC Member Schmid Speaks,,,,2026-10-03T11:19:19+00:00
146874,2026-10-01,8:30am,CAD,low,Manufacturing PMI,51.5,,53.0,2026-10-03T11:19:19+00:00
153802,2026-10-01,8:30am,EUR,medium,ECB President Lagarde Speaks,,,,2026-10-03T11:19:19+00:00
149650,2026-10-01,8:45am,USD,low,Final Manufacturing PMI,55.9,56.9,57.0,2026-10-03T11:19:19+00:00
153869,2026-10-01,9:00am,USD,medium,FOMC Member Waller Speaks,,,,2026-10-03T11:19:19+00:00
146584,2026-10-01,9:00am,USD,medium,ISM Manufacturing PMI,54.5,54.8,54.6,2026-10-03T11:19:19+00:00
148010,2026-10-01,9:00am,USD,low,Construction Spending m/m,0.9%,0.0%,-0.1%,2026-10-03T11:19:19+00:00
146596,2026-10-01,9:00am,USD,low,ISM Manufacturing Prices,77.9,72.9,71.1,2026-10-03T11:19:19+00:00
148772,2026-10-01,9:30am,USD,low,Natural Gas Storage,64B,63B,53B,2026-10-03T11:19:19+00:00
148647,2026-10-01,All Day,USD,low,Omdia Total Vehicle Sales,16.0M,16.3M,16.8M,2026-10-03T11:19:19+00:00
151649,2026-10-01,All Day,CNY,non-economic,Bank Holiday,,,,2026-10-03T11:19:19+00:00
154096,2026-10-02,12:00pm,USD,low,FOMC Member Goolsbee Speaks,,,,2026-10-03T11:19:19+00:00
147500,2026-10-02,2:00am,EUR,low,Spanish Unemployment Change,23.6K,17.6K,44.4K,2026-10-03T11:19:19+00:00
153810,2026-10-02,2:35pm,EUR,low,German Buba President Nagel Speaks,,,,2026-10-03T11:19:19+00:00
147757,2026-10-02,3:00am,EUR,low,Italian Retail Sales m/m,0.3%,-0.1%,-0.4%,2026-10-03T11:19:19+00:00
151314,2026-10-02,4:00am,EUR,medium,Core CPI Flash Estimate y/y,2.5%,2.5%,2.4%,2026-10-03T11:19:19+00:00
151315,2026-10-02,4:00am,EUR,medium,CPI Flash Estimate y/y,3.8%,3.7%,3.2%,2026-10-03T11:19:19+00:00
146936,2026-10-02,7:30am,USD,high,Average Hourly Earnings m/m,0.1%,0.3%,0.3%,2026-10-03T11:19:19+00:00
146912,2026-10-02,7:30am,USD,high,Non-Farm Employment Change,29K,89K,133K,2026-10-03T11:19:19+00:00
146924,2026-10-02,7:30am,USD,high,Unemployment Rate,4.2%,4.1%,4.1%,2026-10-03T11:19:19+00:00
148077,2026-10-02,9:00am,USD,low,Factory Orders m/m,0.1%,0.1%,0.8%,2026-10-03T11:19:19+00:00
153862,2026-10-02,9:00am,USD,low,FOMC Member Logan Speaks,,,,2026-10-03T11:19:19+00:00
147109,2026-10-03,11:00am,AUD,non-economic,Daylight Saving Time Shift,,,,2026-10-03T11:19:19+00:00
148804,2026-10-04,10:00pm,JPY,low,Consumer Confidence,35.4,35.3,35.5,2026-10-08T13:03:49+00:00
148452,2026-10-04,5:00pm,AUD,low,MI Inflation Gauge m/m,0.3%,,0.5%,2026-10-08T13:03:49+00:00
149594,2026-10-04,5:00pm,NZD,low,ANZ Commodity Prices m/m,0.6%,,-0.4%,2026-10-08T13:03:49+00:00
149582,2026-10-04,All Day,All,medium,OPEC-JMMC Meetings,,,,2026-10-08T13:03:49+00:00
147119,2026-10-04,All Day,AUD,non-economic,Bank Holiday,,,,2026-10-08T13:03:49+00:00
151652,2026-10-04,All Day,CNY,non-economic,Bank Holiday,,,,2026-10-08T13:03:49+00:00
151195,2026-10-05,11:00pm,EUR,low,German Factory Orders m/m,-10.6%,-0.9%,3.2%,2026-10-08T13:03:49+00:00
154045,2026-10-05,11:35pm,JPY,high,BOJ Gov Ueda Speaks,,,,2026-10-08T13:03:49+00:00
147532,2026-10-05,11:45pm,EUR,low,French Gov Budget Balance,-159.6B,,-145.9B,2026-10-08T13:03:49+00:00
147587,2026-10-05,11:45pm,EUR,low,French Industrial Production m/m,-0.3%,0.2%,-0.6%,2026-10-08T13:03:49+00:00
147267,2026-10-05,12:15am,EUR,low,Spanish Services PMI,58.3,57.1,57.8,2026-10-08T13:03:49+00:00
154082,2026-10-05,12:45am,EUR,low,German Buba President Nagel Speaks,,,,2026-10-08T13:03:49+00:00
147268,2026-10-05,12:45am,EUR,low,Italian Services PMI,51.7,54.6,55.2,2026-10-08T13:03:49+00:00
147269,2026-10-05,12:50am,EUR,low,French Final Services PMI,51.2,51.4,51.4,2026-10-08T13:03:49+00:00
147270,2026-10-05,12:55am,EUR,low,German Final Services PMI,52.9,52.9,52.9,2026-10-08T13:03:49+00:00
147271,2026-10-05,1:00am,EUR,low,Final Services PMI,53.0,53.0,53.0,2026-10-08T13:03:49+00:00
150597,2026-10-05,1:30am,EUR,low,Sentix Investor Confidence,2.7,4.5,5.1,2026-10-08T13:03:49+00:00
147272,2026-10-05,1:30am,GBP,low,Final Services PMI,52.1,51.7,51.7,2026-10-08T13:03:49+00:00
151317,2026-10-05,2:00am,EUR,low,PPI m/m,1.9%,1.9%,1.6%,2026-10-08T13:03:49+00:00
149378,2026-10-05,2:00pm,NZD,low,NZIER Business Confidence,43,,8,2026-10-08T13:03:49+00:00
148115,2026-10-05,4:30pm,AUD,low,Westpac Consumer Sentiment,-4.7%,,-5.2%,2026-10-08T13:03:49+00:00
148127,2026-10-05,5:30pm,AUD,low,ANZ Job Advertisements m/m,2.2%,,2.6%,2026-10-08T13:03:49+00:00
149637,2026-10-05,6:45am,USD,low,Final Services PMI,58.8,58.7,58.7,2026-10-08T13:03:49+00:00
146608,2026-10-05,7:00am,USD,medium,ISM Services PMI,54.9,55.1,55.4,2026-10-08T13:03:49+00:00
150287,2026-10-05,8:35pm,JPY,low,10-y Bond Auction,3.10|3.8,,3.00|3.3,2026-10-08T13:03:49+00:00
151650,2026-10-05,All Day,CNY,non-economic,Bank Holiday,,,,2026-10-08T13:03:49+00:00
149663,2026-10-06,10:00pm,JPY,low,Leading Indicators,118.0%,118.1%,117.7%,2026-10-08T13:03:49+00:00
154103,2026-10-06,10:15am,USD,low,FOMC Member Schmid Speaks,,,,2026-10-08T13:03:49+00:00
151196,2026-10-06,11:00pm,EUR,low,German Industrial Production m/m,2.0%,0.5%,-1.2%,2026-10-08T13:03:49+00:00
150816,2026-10-06,11:00pm,GBP,low,Lloyds HPI m/m,0.0%,0.0%,-0.3%,2026-10-08T13:03:49+00:00
147588,2026-10-06,11:45pm,EUR,low,French Trade Balance,-6.1B,-6.5B,-6.6B,2026-10-08T13:03:49+00:00
147309,2026-10-06,12:00am,CHF,low,Unemployment Rate,3.1%,3.1%,3.1%,2026-10-08T13:03:49+00:00
150675,2026-10-06,1:30am,GBP,low,Construction PMI,46.1,45.0,44.3,2026-10-08T13:03:49+00:00
150848,2026-10-06,1:30am,GBP,low,Housing Equity Withdrawal q/q,-6.8B,-11.9B,-10.6B,2026-10-08T13:03:49+00:00
154046,2026-10-06,1:30am,GBP,low,MPC Member Mann Speaks,,,,2026-10-08T13:03:49+00:00
147094,2026-10-06,1:30pm,USD,low,API Weekly Statistical Bulletin,,,,2026-10-08T13:03:49+00:00
151318,2026-10-06,2:00am,EUR,low,Retail Sales m/m,0.1%,0.2%,-0.6%,2026-10-08T13:03:49+00:00
149895,2026-10-06,4:30pm,JPY,low,Average Cash Earnings y/y,3.8%,3.7%,4.3%,2026-10-08T13:03:49+00:00
153364,2026-10-06,5:15am,USD,low,ADP Weekly Employment Change,23.8K,,22.5K,2026-10-08T13:03:49+00:00
149238,2026-10-06,5:30am,CAD,low,Trade Balance,4.2B,1.5B,0.8B,2026-10-08T13:03:49+00:00
148022,2026-10-06,5:30am,USD,low,Trade Balance,-105.6B,-100.8B,-92.8B,2026-10-08T13:03:49+00:00
149858,2026-10-06,7:00am,CAD,medium,Ivey PMI,58.2,65.2,64.3,2026-10-08T13:03:49+00:00
149082,2026-10-06,7:01am,USD,low,RCM/TIPP Economic Optimism,46.8,44.5,45.6,2026-10-08T13:03:49+00:00
154097,2026-10-06,7:45am,USD,low,FOMC Member Bowman Speaks,,,,2026-10-08T13:03:49+00:00
149401,2026-10-06,8:46am,NZD,low,GDT Price Index,1.2%,,-1.1%,2026-10-08T13:03:49+00:00
151651,2026-10-06,All Day,CNY,non-economic,Bank Holiday,,,,2026-10-08T13:03:49+00:00
151048,2026-10-06,Sep 12th,USD,low,ADP Weekly Employment Change,22.5K,,20.0K,2026-10-08T13:03:49+00:00
154809,2026-10-07,10:00am,USD,medium,President Trump Speaks,,,,2026-10-08T13:03:49+00:00
148816,2026-10-07,10:00pm,JPY,low,Economy Watchers Sentiment,47.0,46.7,46.4,2026-10-08T13:03:49+00:00
148902,2026-10-07,10:01am,USD,low,10-y Bond Auction,5.30|2.8,,4.83|2.7,2026-10-08T13:03:49+00:00
146528,2026-10-07,11:00am,USD,high,FOMC Meeting Minutes,,,,2026-10-08T13:03:49+00:00
151197,2026-10-07,11:00pm,EUR,low,German Trade Balance,19.5B,19.0B,21.6B,2026-10-08T13:03:49+00:00
147290,2026-10-07,12:00am,CHF,low,Foreign Currency Reserves,770B,,770B,2026-10-08T13:03:49+00:00
148731,2026-10-07,12:00pm,USD,low,Consumer Credit m/m,8.3B,14.5B,17.7B,2026-10-08T13:03:49+00:00
150793,2026-10-07,4:01pm,GBP,low,RICS House Price Balance,-32%,-30%,-28%,2026-10-08T13:03:49+00:00
149597,2026-10-07,4:50pm,JPY,low,Current Account,2.98T,2.14T,2.52T,2026-10-08T13:03:49+00:00
148103,2026-10-07,5:00pm,AUD,low,MI Inflation Expectations,5.3%,,4.9%,2026-10-08T13:03:49+00:00
148956,2026-10-07,7:30am,USD,low,Crude Oil Inventories,-3.2M,1.9M,0.9M,2026-10-08T13:03:49+00:00
150309,2026-10-07,8:35pm,JPY,low,30-y Bond Auction,4.11|3.9,,4.08|3.8,2026-10-08T13:03:49+00:00
148914,2026-10-08,10:01am,USD,low,30-y Bond Auction,,,5.31|2.6,2026-10-08T13:03:49+00:00
154053,2026-10-08,10:40am,USD,low,FOMC Member Musalem Speaks,,,,2026-10-08T13:03:49+00:00
149699,2026-10-08,11:00pm,JPY,low,Prelim Machine Tool Orders y/y,,,64.7%,2026-10-08T13:03:49+00:00
154095,2026-10-08,1:05am,CHF,low,Gov Board Member Martin Speaks,,,,2026-10-08T13:03:49+00:00
150699,2026-10-08,1:30am,GBP,low,BOE Credit Conditions Survey,,,,2026-10-08T13:03:49+00:00
154101,2026-10-08,1:30am,USD,medium,FOMC Member Waller Speaks,,,,2026-10-08T13:03:49+00:00
154050,2026-10-08,2:00am,GBP,low,MPC Member Pill Speaks,,,,2026-10-08T13:03:49+00:00
154049,2026-10-08,2:15am,GBP,low,MPC Member Greene Speaks,,,,2026-10-08T13:03:49+00:00
150558,2026-10-08,4:30am,EUR,low,ECB Monetary Policy Meeting Accounts,,,,2026-10-08T13:03:49+00:00
149625,2026-10-08,4:30pm,JPY,low,Household Spending y/y,,-3.5%,-3.6%,2026-10-08T13:03:49+00:00
154102,2026-10-08,5:15am,GBP,high,BOE Gov Bailey Speaks,,,,2026-10-08T13:03:49+00:00
147018,2026-10-08,5:30am,USD,medium,Unemployment Claims,197K,200K,199K,2026-10-08T13:03:49+00:00
154052,2026-10-08,6:00am,GBP,low,MPC Member Lombardelli Speaks,,,,2026-10-08T13:03:49+00:00
148199,2026-10-08,7:00am,USD,low,Final Wholesale Inventories m/m,,0.7%,0.7%,2026-10-08T13:03:49+00:00
148773,2026-10-08,7:30am,USD,low,Natural Gas Storage,,79B,64B,2026-10-08T13:03:49+00:00
151383,2026-10-08,All Day,EUR,low,Eurogroup Meetings,,,,2026-10-08T13:03:49+00:00
147392,2026-10-09,12:00am,CHF,low,SECO Consumer Climate,,-32,-33,2026-10-08T13:03:49+00:00
147745,2026-10-09,1:00am,EUR,low,Italian Industrial Production m/m,,0.0%,0.7%,2026-10-08T13:03:49+00:00
154098,2026-10-09,1:00pm,USD,low,FOMC Member Collins Speaks,,,,2026-10-08T13:03:49+00:00
149198,2026-10-09,5:30am,CAD,high,Employment Change,,6.3K,-41.7K,2026-10-08T13:03:49+00:00
149199,2026-10-09,5:30am,CAD,high,Unemployment Rate,,6.5%,6.4%,2026-10-08T13:03:49+00:00
148579,2026-10-09,7:00am,USD,medium,Prelim UoM Consumer Sentiment,,47.5,48.1,2026-10-08T13:03:49+00:00
148591,2026-10-09,7:00am,USD,medium,Prelim UoM Inflation Expectations,,,4.6%,2026-10-08T13:03:49+00:00
151380,2026-10-09,All Day,EUR,low,ECOFIN Meetings,,,,2026-10-08T13:03:49+00:00
